{
    "E": 0.0,
    "I": [
        0.0,
        0.0,
        0.0,
        0.0,
        0.0,
        0.0,
        0.0,
        0.0,
        0.0,
        0.0,
        0.0,
        0.0,
        0.0,
        0.0,
        0.0,
        0.0,
        0.0,
        0.0,
        0.0,
        0.0,
        0.0,
        0.0,
        0.0,
        0.0,
        0.0,
        0.0,
        0.0,
        0.0,
        0.0,
        0.0,
        0.0,
        0.0,
        0.0,
        0.0,
        0.0,
        0.0,
        0.0,
        0.0,
        0.0,
        0.0,
        0.0,
        0.0,
        0.0,
        0.0,
        0.0,
        0.0,
        0.0,
        0.0,
        0.0,
        0.0,
        0.0,
        0.0,
        0.0,
        0.0,
        0.0,
        0.0,
        0.0,
        0.0,
        0.0,
        0.0,
        0.0,
        0.0,
        0.0,
        0.0,
        0.0,
        0.0,
        0.0,
        0.0,
        0.0,
        0.0,
        0.0,
        0.0,
        0.0,
        0.0,
        0.0,
        0.0,
        0.0,
        0.0,
        0.0,
        0.0
    ],
    "T": 49.15353098387587,
    "Te": [
        10.466666666666667,
        10.46,
        10.453333333333333,
        10.446666666666667,
        10.44,
        10.433333333333334,
        10.426666666666668,
        10.42,
        10.413333333333334,
        10.406666666666666,
        10.4,
        10.4,
        10.4,
        10.4,
        10.4,
        10.4,
        10.4,
        10.4,
        10.4,
        10.4,
        10.4,
        10.4,
        10.4,
        10.4,
        10.4,
        10.4,
        10.393333333333334,
        10.386666666666667,
        10.38,
        10.373333333333333,
        10.366666666666667,
        10.360000000000001,
        10.353333333333333,
        10.346666666666668,
        10.34,
        10.333333333333334,
        10.326666666666668,
        10.32,
        10.313333333333334,
        10.306666666666667,
        10.3,
        10.3,
        10.3,
        10.3,
        10.3,
        10.3,
        10.3,
        10.3,
        10.3,
        10.3,
        10.3,
        10.3,
        10.3,
        10.3,
        10.3,
        10.3,
        10.293333333333335,
        10.286666666666667,
        10.280000000000001,
        10.273333333333333,
        10.266666666666667,
        10.26,
        10.253333333333334,
        10.246666666666666,
        10.24,
        10.233333333333333,
        10.226666666666667,
        10.219999999999999,
        10.213333333333333,
        10.206666666666665,
        10.2,
        10.2,
        10.2,
        10.2,
        10.2,
        10.2,
        10.2,
        10.2,
        10.2,
        10.2
    ],
    "Ti": [
        22.5,
        22.5,
        22.5,
        22.5,
        22.5,
        22.5,
        22.5,
        22.5,
        22.5,
        22.5,
        22.5,
        22.5,
        22.5,
        22.5,
        22.5,
        22.5,
        22.5,
        22.5,
        22.5,
        22.5,
        22.5,
        22.5,
        22.5,
        22.5,
        22.5,
        22.5,
        22.5,
        22.5,
        22.5,
        22.5,
        22.5,
        22.5,
        22.5,
        22.5,
        22.5,
        22.5,
        22.5,
        22.5,
        22.5,
        22.5,
        22.5,
        22.5,
        22.5,
        22.5,
        22.5,
        22.5,
        22.5,
        22.5,
        22.5,
        22.5,
        22.5,
        22.5,
        22.5,
        22.5,
        22.5,
        22.5,
        22.5,
        22.5,
        22.5,
        22.5,
        22.5,
        22.5,
        22.5,
        22.5,
        22.5,
        22.5,
        22.5,
        22.5,
        22.5,
        22.5,
        22.5,
        22.5,
        22.5,
        22.5,
        22.5,
        22.5,
        22.5,
        22.5,
        22.5,
        22.5
    ],
    "V": 0.10030720000000001,
    "mode": 2,
    "t": 1445,
    "valve": 0
}