{
    "E": 15000.0,
    "I": [
        0.0,
        0.0,
        0.0,
        0.0,
        0.0,
        0.0,
        0.0,
        0.0,
        0.0,
        0.0,
        0.0,
        0.0,
        0.0,
        0.0,
        0.0,
        0.0,
        0.0,
        0.0,
        0.0,
        0.0,
        0.0,
        0.0,
        0.0,
        0.0,
        0.0,
        0.0,
        0.0,
        0.0,
        0.0,
        0.0,
        0.0,
        0.0,
        0.0,
        0.0,
        0.0,
        0.0,
        0.0,
        0.0,
        0.0,
        0.0,
        0.0,
        0.0,
        0.0,
        0.0,
        0.0,
        0.0,
        0.0,
        0.0,
        0.0,
        0.0,
        0.0,
        0.0,
        0.0,
        0.0,
        0.0,
        0.0,
        0.0,
        0.0,
        0.0,
        0.0,
        0.0
    ],
    "T": 51.476695671118975,
    "Te": [
        14.33367626652214,
        14.327686711330362,
        14.322022803029954,
        14.31667622802819,
        14.311638884973952,
        14.306902879339317,
        14.295793851472805,
        14.284962085881077,
        14.27439184547598,
        14.264068015981653,
        14.25397608439111,
        14.244102118116867,
        14.234432744814246,
        14.224955132856602,
        14.215657202671999,
        14.206527590829529,
        14.197555615619217,
        14.188731244068865,
        14.180045060343172,
        14.17148823547235,
        14.163052498359512,
        14.161396768718996,
        14.159847125139665,
        14.158396774855365,
        14.157039358475068,
        14.155768922928704,
        14.154579895888023,
        14.153467061591686,
        14.15242553816144,
        14.151450756324921,
        14.150538439464887,
        14.149684584918917,
        14.148885446457516,
        14.148137517872295,
        14.147437517609534,
        14.146782374383788,
        14.146169213710069,
        14.145595345296792,
        14.14505825124511,
        14.144555575003512,
        14.144085111029629,
        14.143644795114152,
        14.143232695324507,
        14.142847003528699,
        14.142486027462208,
        14.14214818330317,
        14.1418319887233,
        14.14153605638409,
        14.141259087849765,
        14.140999867890278,
        14.140757259149378,
        14.140530197154359,
        14.140317685645558,
        14.140118792205177,
        14.139932644166198,
        14.139758424783455,
        14.139595369650085,
        14.139442763343602,
        14.139299936286912,
        14.139166261810457,
        14.139041153402642
    ],
    "Ti": [
        22.5,
        22.5,
        22.5,
        22.5,
        22.5,
        22.5,
        22.5,
        22.5,
        22.5,
        22.5,
        22.5,
        22.5,
        22.5,
        22.5,
        22.5,
        22.5,
        22.5,
        22.5,
        22.5,
        22.5,
        22.5,
        22.5,
        22.5,
        22.5,
        22.5,
        22.5,
        22.5,
        22.5,
        22.5,
        22.5,
        22.5,
        22.5,
        22.5,
        22.5,
        22.5,
        22.5,
        22.5,
        22.5,
        22.5,
        22.5,
        22.5,
        22.5,
        22.5,
        22.5,
        22.5,
        22.5,
        22.5,
        22.5,
        22.5,
        22.5,
        22.5,
        22.5,
        22.5,
        22.5,
        22.5,
        22.5,
        22.5,
        22.5,
        22.5,
        22.5,
        22.5
    ],
    "V": 0.19897610629695936,
    "mode": 3,
    "t": 2800,
    "valve": 0
}