{
    "E": 13200.0,
    "I": [
        0.0,
        0.0,
        0.0,
        0.0,
        0.0,
        0.0,
        0.0,
        0.0,
        0.0,
        0.0,
        0.0,
        0.0,
        0.0,
        0.0,
        0.0,
        0.0,
        0.0,
        0.0,
        0.0,
        0.0,
        0.0,
        0.0,
        0.0,
        0.0,
        0.0,
        0.0,
        0.0,
        0.0,
        0.0,
        0.0,
        0.0,
        0.0,
        0.0,
        0.0,
        0.0,
        0.0,
        0.0,
        0.0,
        0.0,
        0.0,
        0.0,
        0.0,
        0.0,
        0.0,
        0.0,
        0.0,
        0.0,
        0.0,
        0.0,
        0.0,
        0.0,
        0.0,
        0.0,
        0.0,
        0.0,
        0.0,
        0.0,
        0.0,
        0.0,
        0.0,
        0.0
    ],
    "T": 57.6763630513681,
    "Te": [
        14.39966834782376,
        14.405679895675679,
        14.411375960398843,
        14.41676432846129,
        14.421852594152547,
        14.426648164326807,
        14.431158263029033,
        14.435398249443928,
        14.439382898490049,
        14.443126420304306,
        14.446642479120598,
        14.449944211560561,
        14.453044244354029,
        14.455954711506127,
        14.458687062536889,
        14.46125209402072,
        14.456993313192395,
        14.45258696699929,
        14.448042069978127,
        14.443367097666128,
        14.43857001225512,
        14.433658292419256,
        14.428638961615988,
        14.423518614929675,
        14.418303444524442,
        14.412999263770045,
        14.407611530101882,
        14.402145366673734,
        14.396605582728421,
        14.39099669275625,
        14.385322934507748,
        14.386254952590466,
        14.3871298143765,
        14.387951024944375,
        14.388721874442709,
        14.389445451263656,
        14.390124654410943,
        14.390762205111152,
        14.391360657714035,
        14.391922409925042,
        14.392449712410766,
        14.392944677815603,
        14.393409289225678,
        14.393845408113824,
        14.394254781797429,
        14.394639050438972,
        14.388333086950619,
        14.382005003162519,
        14.375656155612848,
        14.369287817649443,
        14.362901184531484,
        14.356497378218302,
        14.350077451864532,
        14.343642394039595,
        14.337193132688396,
        14.330730538849178,
        14.32425543014333,
        14.317768574051206,
        14.311270690987055,
        14.304762457185365,
        14.298244507410214
    ],
    "Ti": [
        22.5,
        22.5,
        22.5,
        22.5,
        22.5,
        22.5,
        22.5,
        22.5,
        22.5,
        22.5,
        22.5,
        22.5,
        22.5,
        22.5,
        22.5,
        22.5,
        22.5,
        22.5,
        22.5,
        22.5,
        22.5,
        22.5,
        22.5,
        22.5,
        22.5,
        22.5,
        22.5,
        22.5,
        22.5,
        22.5,
        22.5,
        22.5,
        22.5,
        22.5,
        22.5,
        22.5,
        22.5,
        22.5,
        22.5,
        22.5,
        22.5,
        22.5,
        22.5,
        22.5,
        22.5,
        22.5,
        22.5,
        22.5,
        22.5,
        22.5,
        22.5,
        22.5,
        22.5,
        22.5,
        22.5,
        22.5,
        22.5,
        22.5,
        22.5,
        22.5,
        22.5
    ],
    "V": 0.2989657268004865,
    "mode": 0,
    "t": 2760,
    "valve": 0
}