{
    "E": 87000.0,
    "I": [
        0.0,
        0.0,
        0.0,
        0.0,
        0.0,
        0.0,
        0.0,
        0.0,
        0.0,
        0.0,
        0.0,
        0.0,
        0.0,
        0.0,
        0.0,
        0.0,
        0.0,
        0.0,
        0.0,
        0.0,
        0.0,
        0.0,
        0.0,
        0.0,
        0.0,
        0.0,
        0.0,
        0.0,
        0.0,
        0.0,
        0.0,
        0.0,
        0.0,
        0.0,
        0.0,
        0.0,
        0.0,
        0.0,
        0.0,
        0.0,
        0.0,
        0.0,
        0.0,
        0.0,
        0.0,
        0.0,
        0.0,
        0.0,
        0.0,
        0.0,
        0.0,
        0.0,
        0.0,
        0.0,
        0.0,
        0.0,
        0.0,
        0.0,
        0.0,
        0.0,
        0.0
    ],
    "T": 331.31134903000066,
    "Te": [
        14.36666404482743,
        14.359992201519859,
        14.353317868734123,
        14.346987192585948,
        14.340991386194522,
        14.335321887348847,
        14.329970352763196,
        14.324928722548789,
        14.32018914110676,
        14.315743951950529,
        14.311576709679061,
        14.301004950739703,
        14.290680171016085,
        14.28058780413817,
        14.270713865287721,
        14.261044931029957,
        14.251568119795134,
        14.242271306153958,
        14.233143084654438,
        14.224172735164998,
        14.215350189666616,
        14.206666000488656,
        14.198111309880177,
        14.189677820865672,
        14.181357763284021,
        14.173143861634284,
        14.17169597130964,
        14.170341049804613,
        14.169073129482733,
        14.167886625163488,
        14.166776309790507,
        14.165737291603225,
        14.164764992726694,
        14.163855129098565,
        14.163003691656543,
        14.162206928713559,
        14.161461329451742,
        14.160763608469875,
        14.160110691318376,
        14.159499700959762,
        14.15892794509622,
        14.158392904309402,
        14.157892220960875,
        14.157423688804712,
        14.1569852432667,
        14.156574952347476,
        14.156191008109646,
        14.155831718711404,
        14.155495500951663,
        14.15518087329383,
        14.154886449337518,
        14.154610931709456,
        14.154353106346683,
        14.15411183714681,
        14.153886060961833,
        14.153674782913397,
        14.153477072008894,
        14.153292057039065,
        14.153118922739035,
        14.152956906195866,
        14.152805293486802
    ],
    "Ti": [
        22.5,
        22.5,
        22.5,
        22.5,
        22.5,
        22.5,
        22.5,
        22.5,
        22.5,
        22.5,
        22.5,
        22.5,
        22.5,
        22.5,
        22.5,
        22.5,
        22.5,
        22.5,
        22.5,
        22.5,
        22.5,
        22.5,
        22.5,
        22.5,
        22.5,
        22.5,
        22.5,
        22.5,
        22.5,
        22.5,
        22.5,
        22.5,
        22.5,
        22.5,
        22.5,
        22.5,
        22.5,
        22.5,
        22.5,
        22.5,
        22.5,
        22.5,
        22.5,
        22.5,
        22.5,
        22.5,
        22.5,
        22.5,
        22.5,
        22.5,
        22.5,
        22.5,
        22.5,
        22.5,
        22.5,
        22.5,
        22.5,
        22.5,
        22.5,
        22.5,
        22.5
    ],
    "V": 0.2010136215917797,
    "mode": 0,
    "t": 2795,
    "valve": 0
}