{
    "E": 3600.0,
    "I": [
        0.0,
        0.0,
        0.0,
        0.0,
        0.0,
        0.0,
        0.0,
        0.0,
        0.0,
        0.0,
        0.0,
        0.0,
        0.0,
        0.0,
        0.0,
        0.0,
        0.0,
        0.0,
        0.0,
        0.0,
        0.0,
        0.0,
        0.0,
        0.0,
        0.0,
        0.0,
        0.0,
        0.0,
        0.0,
        0.0,
        0.0,
        0.0,
        0.0,
        0.0,
        0.0,
        0.0,
        0.0,
        0.0,
        0.0,
        0.0,
        0.0,
        0.0,
        0.0,
        0.0,
        0.0,
        0.0,
        0.0,
        0.0,
        0.0,
        0.0,
        0.0,
        0.0,
        0.0,
        0.0,
        0.0,
        0.0,
        0.0,
        0.0,
        0.0,
        0.0,
        0.0,
        0.0,
        0.0,
        0.0,
        0.0,
        0.0,
        0.0,
        0.0,
        0.0,
        0.0,
        0.0,
        0.0,
        0.0,
        0.0,
        0.0,
        0.0,
        0.0,
        0.0,
        0.0,
        0.0
    ],
    "T": 106.8889309344059,
    "Te": [
        10.266666666666667,
        10.26,
        10.253333333333334,
        10.246666666666666,
        10.24,
        10.233333333333333,
        10.226666666666667,
        10.219999999999999,
        10.213333333333333,
        10.206666666666665,
        10.2,
        10.2,
        10.2,
        10.2,
        10.2,
        10.2,
        10.2,
        10.2,
        10.2,
        10.2,
        10.2,
        10.2,
        10.2,
        10.2,
        10.2,
        10.2,
        10.2,
        10.2,
        10.2,
        10.2,
        10.2,
        10.2,
        10.2,
        10.2,
        10.2,
        10.2,
        10.2,
        10.2,
        10.2,
        10.2,
        10.2,
        10.2,
        10.2,
        10.2,
        10.2,
        10.2,
        10.2,
        10.2,
        10.2,
        10.2,
        10.2,
        10.2,
        10.2,
        10.2,
        10.2,
        10.2,
        10.2,
        10.2,
        10.2,
        10.2,
        10.2,
        10.2,
        10.2,
        10.2,
        10.2,
        10.2,
        10.2,
        10.2,
        10.2,
        10.2,
        10.2,
        10.2,
        10.2,
        10.2,
        10.2,
        10.2,
        10.2,
        10.2,
        10.2,
        10.2
    ],
    "Ti": [
        22.5,
        22.5,
        22.5,
        22.5,
        22.5,
        22.5,
        22.5,
        22.5,
        22.5,
        22.5,
        22.5,
        22.5,
        22.5,
        22.5,
        22.5,
        22.5,
        22.5,
        22.5,
        22.5,
        22.5,
        22.5,
        22.5,
        22.5,
        22.5,
        22.5,
        22.5,
        22.5,
        22.5,
        22.5,
        22.5,
        22.5,
        22.5,
        22.5,
        22.5,
        22.5,
        22.5,
        22.5,
        22.5,
        22.5,
        22.5,
        22.5,
        22.5,
        22.5,
        22.5,
        22.5,
        22.5,
        22.5,
        22.5,
        22.5,
        22.5,
        22.5,
        22.5,
        22.5,
        22.5,
        22.5,
        22.5,
        22.5,
        22.5,
        22.5,
        22.5,
        22.5,
        22.5,
        22.5,
        22.5,
        22.5,
        22.5,
        22.5,
        22.5,
        22.5,
        22.5,
        22.5,
        22.5,
        22.5,
        22.5,
        22.5,
        22.5,
        22.5,
        22.5,
        22.5,
        22.5
    ],
    "V": 0.29898637839696135,
    "mode": 0,
    "t": 1505,
    "valve": 0
}