{
    "E": 1800.0,
    "I": [
        0.0,
        0.0,
        0.0,
        0.0,
        0.0,
        0.0,
        0.0,
        0.0,
        0.0,
        0.0,
        0.0,
        0.0,
        0.0,
        0.0,
        0.0,
        0.0,
        0.0,
        0.0,
        0.0,
        0.0,
        0.0,
        0.0,
        0.0,
        0.0,
        0.0,
        0.0,
        0.0,
        0.0,
        0.0,
        0.0,
        0.0,
        0.0,
        0.0,
        0.0,
        0.0,
        0.0,
        0.0,
        0.0,
        0.0,
        0.0,
        0.0,
        0.0,
        0.0,
        0.0,
        0.0,
        0.0,
        0.0,
        0.0,
        0.0,
        0.0,
        0.0,
        0.0,
        0.0,
        0.0,
        0.0,
        0.0,
        0.0,
        0.0,
        0.0,
        0.0,
        0.0,
        0.0,
        0.0,
        0.0,
        0.0,
        0.0,
        0.0,
        0.0,
        0.0,
        0.0,
        0.0,
        0.0,
        0.0,
        0.0,
        0.0,
        0.0,
        0.0,
        0.0,
        0.0,
        0.0
    ],
    "T": 58.02416494109137,
    "Te": [
        7.8,
        7.8,
        7.8,
        7.8,
        7.8,
        7.8,
        7.8,
        7.8,
        7.8,
        7.8,
        7.8,
        7.8,
        7.8,
        7.8,
        7.8,
        7.8,
        7.8,
        7.8,
        7.8,
        7.8,
        7.8,
        7.8,
        7.8,
        7.8,
        7.8,
        7.8,
        7.793333333333333,
        7.786666666666666,
        7.78,
        7.773333333333333,
        7.766666666666667,
        7.76,
        7.753333333333333,
        7.746666666666667,
        7.74,
        7.733333333333333,
        7.726666666666667,
        7.72,
        7.713333333333334,
        7.706666666666667,
        7.7,
        7.693333333333333,
        7.6866666666666665,
        7.68,
        7.673333333333334,
        7.666666666666667,
        7.66,
        7.653333333333333,
        7.6466666666666665,
        7.64,
        7.633333333333333,
        7.626666666666666,
        7.62,
        7.613333333333333,
        7.6066666666666665,
        7.6,
        7.6,
        7.6,
        7.6,
        7.6,
        7.6,
        7.6,
        7.6,
        7.6,
        7.6,
        7.6,
        7.6,
        7.6,
        7.6,
        7.6,
        7.6,
        7.593333333333333,
        7.586666666666666,
        7.58,
        7.573333333333333,
        7.566666666666666,
        7.56,
        7.553333333333333,
        7.546666666666667,
        7.54
    ],
    "Ti": [
        22.5,
        22.5,
        22.5,
        22.5,
        22.5,
        22.5,
        22.5,
        22.5,
        22.5,
        22.5,
        22.5,
        22.5,
        22.5,
        22.5,
        22.5,
        22.5,
        22.5,
        22.5,
        22.5,
        22.5,
        22.5,
        22.5,
        22.5,
        22.5,
        22.5,
        22.5,
        22.5,
        22.5,
        22.5,
        22.5,
        22.5,
        22.5,
        22.5,
        22.5,
        22.5,
        22.5,
        22.5,
        22.5,
        22.5,
        22.5,
        22.5,
        22.5,
        22.5,
        22.5,
        22.5,
        22.5,
        22.5,
        22.5,
        22.5,
        22.5,
        22.5,
        22.5,
        22.5,
        22.5,
        22.5,
        22.5,
        22.5,
        22.5,
        22.5,
        22.5,
        22.5,
        22.5,
        22.5,
        22.5,
        22.5,
        22.5,
        22.5,
        22.5,
        22.5,
        22.5,
        22.5,
        22.5,
        22.5,
        22.5,
        22.5,
        22.5,
        22.5,
        22.5,
        22.5,
        22.5
    ],
    "V": 0.19898637948532805,
    "mode": 0,
    "t": 155,
    "valve": 0
}