{
    "E": 0.0,
    "I": [
        0.0,
        0.0,
        0.0,
        0.0,
        0.0,
        0.0,
        0.0,
        0.0,
        0.0,
        0.0,
        0.0,
        0.0,
        0.0,
        0.0,
        0.0,
        0.0,
        0.0,
        0.0,
        0.0,
        0.0,
        0.0,
        0.0,
        0.0,
        0.0,
        0.0,
        0.0,
        0.0,
        0.0,
        0.0,
        0.0,
        0.0,
        0.0,
        0.0,
        0.0,
        0.0,
        0.0,
        0.0,
        0.0,
        0.0,
        0.0,
        0.0,
        0.0,
        0.0,
        0.0,
        0.0,
        0.0,
        0.0,
        0.0,
        0.0,
        0.0,
        0.0,
        0.0,
        0.0,
        0.0,
        0.0,
        0.0,
        0.0,
        0.0,
        0.0,
        0.0,
        0.0,
        0.0,
        0.0,
        0.0,
        0.0,
        0.0,
        0.0,
        0.0,
        0.0,
        0.0,
        0.0,
        0.0,
        0.0,
        0.0,
        0.0,
        0.0,
        0.0,
        0.0,
        0.0,
        0.0
    ],
<<<<<<< HEAD
    "T": 58.02416494109137,
    "Te": [
        7.8,
        7.8,
        7.8,
        7.8,
        7.8,
        7.8,
        7.8,
        7.8,
        7.8,
        7.8,
        7.8,
        7.8,
        7.8,
        7.8,
        7.8,
        7.8,
        7.8,
        7.8,
        7.8,
        7.8,
        7.8,
        7.8,
        7.8,
        7.8,
        7.8,
        7.8,
        7.793333333333333,
        7.786666666666666,
        7.78,
        7.773333333333333,
        7.766666666666667,
        7.76,
        7.753333333333333,
        7.746666666666667,
        7.74,
        7.733333333333333,
        7.726666666666667,
        7.72,
        7.713333333333334,
        7.706666666666667,
        7.7,
        7.693333333333333,
        7.6866666666666665,
        7.68,
        7.673333333333334,
        7.666666666666667,
        7.66,
        7.653333333333333,
        7.6466666666666665,
        7.64,
        7.633333333333333,
        7.626666666666666,
        7.62,
        7.613333333333333,
        7.6066666666666665,
        7.6,
        7.6,
        7.6,
        7.6,
        7.6,
        7.6,
        7.6,
        7.6,
        7.6,
        7.6,
        7.6,
        7.6,
        7.6,
        7.6,
        7.6,
        7.6,
        7.593333333333333,
        7.586666666666666,
        7.58,
        7.573333333333333,
        7.566666666666666,
        7.56,
        7.553333333333333,
        7.546666666666667,
        7.54
=======
    "T": 49.15353098387587,
    "Te": [
        10.466666666666667,
        10.46,
        10.453333333333333,
        10.446666666666667,
        10.44,
        10.433333333333334,
        10.426666666666668,
        10.42,
        10.413333333333334,
        10.406666666666666,
        10.4,
        10.4,
        10.4,
        10.4,
        10.4,
        10.4,
        10.4,
        10.4,
        10.4,
        10.4,
        10.4,
        10.4,
        10.4,
        10.4,
        10.4,
        10.4,
        10.393333333333334,
        10.386666666666667,
        10.38,
        10.373333333333333,
        10.366666666666667,
        10.360000000000001,
        10.353333333333333,
        10.346666666666668,
        10.34,
        10.333333333333334,
        10.326666666666668,
        10.32,
        10.313333333333334,
        10.306666666666667,
        10.3,
        10.3,
        10.3,
        10.3,
        10.3,
        10.3,
        10.3,
        10.3,
        10.3,
        10.3,
        10.3,
        10.3,
        10.3,
        10.3,
        10.3,
        10.3,
        10.293333333333335,
        10.286666666666667,
        10.280000000000001,
        10.273333333333333,
        10.266666666666667,
        10.26,
        10.253333333333334,
        10.246666666666666,
        10.24,
        10.233333333333333,
        10.226666666666667,
        10.219999999999999,
        10.213333333333333,
        10.206666666666665,
        10.2,
        10.2,
        10.2,
        10.2,
        10.2,
        10.2,
        10.2,
        10.2,
        10.2,
        10.2
>>>>>>> master
    ],
    "Ti": [
        22.5,
        22.5,
        22.5,
        22.5,
        22.5,
        22.5,
        22.5,
        22.5,
        22.5,
        22.5,
        22.5,
        22.5,
        22.5,
        22.5,
        22.5,
        22.5,
        22.5,
        22.5,
        22.5,
        22.5,
        22.5,
        22.5,
        22.5,
        22.5,
        22.5,
        22.5,
        22.5,
        22.5,
        22.5,
        22.5,
        22.5,
        22.5,
        22.5,
        22.5,
        22.5,
        22.5,
        22.5,
        22.5,
        22.5,
        22.5,
        22.5,
        22.5,
        22.5,
        22.5,
        22.5,
        22.5,
        22.5,
        22.5,
        22.5,
        22.5,
        22.5,
        22.5,
        22.5,
        22.5,
        22.5,
        22.5,
        22.5,
        22.5,
        22.5,
        22.5,
        22.5,
        22.5,
        22.5,
        22.5,
        22.5,
        22.5,
        22.5,
        22.5,
        22.5,
        22.5,
        22.5,
        22.5,
        22.5,
        22.5,
        22.5,
        22.5,
        22.5,
        22.5,
        22.5,
        22.5
    ],
<<<<<<< HEAD
    "V": 0.19898637948532805,
    "mode": 0,
    "t": 155,
=======
    "V": 0.10030720000000001,
    "mode": 2,
    "t": 1445,
>>>>>>> master
    "valve": 0
}