{
   "R" : [
      [ 40.0, 70.0 ],
      [ 0.10000000149011612, 0.20000000298023224 ]
   ],
   "S" : [
      [ 30.0, 80.0 ],
      [ 0.090000003576278687, 0.31000000238418579 ]
   ],
   "TwaterIn" : 22.5,
   "factorI" : 0.80000000000000004,
   "factorKe" : 1.0,
   "factorTe" : 2.5,
   "patterns" : [
      [
         [ 0, 7 ],
         [ 3, 5, 0 ],
         [ 5, 0, 7 ],
         [ 5, 3, 0 ]
      ],
      [
         [ 0, 7 ],
         [ 3, 0 ],
         [ 5, 0 ],
         [ 7, 0 ],
         [ 0, 6, 3 ],
         [ 2, 0, 7 ],
         [ 4, 0, 7 ],
         [ 6, 0, 7 ]
      ],
      [
         [ 5, 0 ],
         [ 2, 5, 0 ],
         [ 4, 5, 0 ],
         [ 6, 5, 0 ]
      ],
      [
         [ 5, 0 ],
         [ 2, 5, 0 ],
         [ 4, 5, 0 ],
         [ 6, 5, 0 ],
         [ 0, 6 ],
         [ 2, 0 ],
         [ 4, 0 ],
         [ 6, 0 ],
         [ 5, 0, 6 ]
      ],
      [
         [ 0, 6 ],
         [ 4, 0 ]
      ]
   ],
   "rate" : 0.01,
   "tau" : 300.0,
   "zonotope" : [
      [
         [ 40.0, 47.5 ],
         [ 0.10000000149011612, 0.20000000298023224 ]
      ],
      [
         [ 47.5, 55.0 ],
         [ 0.10000000149011612, 0.20000000298023224 ]
      ],
      [
         [ 55.0, 58.75 ],
         [ 0.10000000149011612, 0.20000000298023224 ]
      ],
      [
         [ 58.75, 62.5 ],
         [ 0.10000000149011612, 0.20000000298023224 ]
      ],
      [
         [ 62.5, 70.0 ],
         [ 0.10000000149011612, 0.20000000298023224 ]
      ]
   ]
}
