{
    "E": 4200.0,
    "I": [
        0.0,
        0.0,
        0.0,
        0.0,
        0.0,
        0.0,
        0.0,
        0.0,
        0.0,
        0.0,
        0.0,
        0.0,
        0.0,
        0.0,
        0.0,
        0.0,
        0.0,
        0.0,
        0.0,
        0.0,
        0.0,
        0.0,
        0.0,
        0.0,
        0.0,
        0.0,
        0.0,
        0.0,
        0.0,
        0.0,
        0.0,
        0.0,
        0.0,
        0.0,
        0.0,
        0.0,
        0.0,
        0.0,
        0.0,
        0.0,
        0.0,
        0.0,
        0.0,
        0.0,
        0.0,
        0.0,
        6.066666666666666,
        12.133333333333333,
        18.2,
        24.266666666666666,
        30.333333333333332,
        36.4,
        42.46666666666667,
        48.53333333333333,
        54.599999999999994,
        60.666666666666664,
        66.73333333333333,
        72.8,
        78.86666666666666,
        84.93333333333334,
        91.0,
        97.26666666666667,
        103.53333333333333,
        109.8,
        116.06666666666666,
        122.33333333333333,
        128.6,
        134.86666666666667,
        141.13333333333333,
        147.4,
        153.66666666666666,
        159.93333333333334,
        166.2,
        172.46666666666667,
        178.73333333333335
    ],
    "T": 58.620346764123106,
    "Te": [
        7.1,
        7.093333333333333,
        7.086666666666666,
        7.08,
        7.073333333333333,
        7.066666666666666,
        7.06,
        7.053333333333333,
        7.046666666666667,
        7.04,
        7.033333333333333,
        7.026666666666666,
        7.02,
        7.013333333333334,
        7.006666666666667,
        7.0,
        7.0,
        7.0,
        7.0,
        7.0,
        7.0,
        7.0,
        7.0,
        7.0,
        7.0,
        7.0,
        7.0,
        7.0,
        7.0,
        7.0,
        7.0,
        7.0,
        7.0,
        7.0,
        7.0,
        7.0,
        7.0,
        7.0,
        7.0,
        7.0,
        7.0,
        7.0,
        7.0,
        7.0,
        7.0,
        7.0,
        7.02,
        7.04,
        7.06,
        7.08,
        7.1,
        7.12,
        7.14,
        7.16,
        7.18,
        7.2,
        7.22,
        7.24,
        7.26,
        7.279999999999999,
        7.3,
        7.326666666666666,
        7.3533333333333335,
        7.38,
        7.406666666666666,
        7.433333333333334,
        7.46,
        7.486666666666666,
        7.513333333333334,
        7.54,
        7.566666666666666,
        7.593333333333334,
        7.62,
        7.6466666666666665,
        7.673333333333334
    ],
    "Ti": [
        25.0,
        25.0,
        25.0,
        25.0,
        25.0,
        25.0,
        25.0,
        25.0,
        25.0,
        25.0,
        25.0,
        25.0,
        25.0,
        25.0,
        25.0,
        25.0,
        25.0,
        25.0,
        25.0,
        25.0,
        25.0,
        25.0,
        25.0,
        25.0,
        25.0,
        25.0,
        25.0,
        25.0,
        25.0,
        25.0,
        25.0,
        25.0,
        25.0,
        25.0,
        25.0,
        25.0,
        25.0,
        25.0,
        25.0,
        25.0,
        25.0,
        25.0,
        25.0,
        25.0,
        25.0,
        25.0,
        25.0,
        25.0,
        25.0,
        25.0,
        25.0,
        25.0,
        25.0,
        25.0,
        25.0,
        25.0,
        25.0,
        25.0,
        25.0,
        25.0,
        25.0,
        25.0,
        25.0,
        25.0,
        25.0,
        25.0,
        25.0,
        25.0,
        25.0,
        25.0,
        25.0,
        25.0,
        25.0,
        25.0,
        25.0
    ],
    "V": 0.10002086306859456,
    "mode": 5,
    "t": 375,
    "valve": 0
}