{
    "E": 10800.0,
    "I": [
        0.0,
        0.0,
        0.0,
        0.0,
        0.0,
        0.0,
        0.0,
        0.0,
        0.0,
        0.0,
        0.0,
        0.0,
        0.0,
        0.0,
        0.0,
        0.0,
        0.0,
        0.0,
        0.0,
        0.0,
        0.0,
        0.0,
        0.0,
        0.0,
        0.0,
        0.0,
        0.0,
        0.0,
        0.0,
        0.0,
        0.0,
        0.0,
        0.0,
        0.0,
        0.0,
        0.0,
        0.0,
        0.0,
        0.0,
        0.0,
        0.0,
        0.0,
        0.0,
        0.0,
        0.0,
        0.0,
        0.0,
        0.0,
        0.0,
        0.0,
        0.0,
        0.0,
        0.0,
        0.0,
        0.0,
        0.0,
        0.0,
        0.0,
        0.0,
        0.0,
        0.0,
        0.0,
        0.0,
        0.0,
        0.0,
        0.0,
        0.0,
        0.0,
        0.0,
        0.0,
        0.0,
        0.0,
        0.0,
        0.0,
        0.0,
        0.0,
        0.0,
        0.0,
        0.0,
        0.0
    ],
    "T": 61.30729813319567,
    "Te": [
        10.666666666666666,
        10.66,
        10.653333333333332,
        10.646666666666667,
        10.639999999999999,
        10.633333333333333,
        10.626666666666667,
        10.62,
        10.613333333333333,
        10.606666666666666,
        10.6,
        10.6,
        10.6,
        10.6,
        10.6,
        10.6,
        10.6,
        10.6,
        10.6,
        10.6,
        10.6,
        10.6,
        10.6,
        10.6,
        10.6,
        10.6,
        10.593333333333334,
        10.586666666666666,
        10.58,
        10.573333333333332,
        10.566666666666666,
        10.56,
        10.553333333333333,
        10.546666666666667,
        10.54,
        10.533333333333333,
        10.526666666666667,
        10.52,
        10.513333333333334,
        10.506666666666666,
        10.5,
        10.5,
        10.5,
        10.5,
        10.5,
        10.5,
        10.5,
        10.5,
        10.5,
        10.5,
        10.5,
        10.5,
        10.5,
        10.5,
        10.5,
        10.5,
        10.5,
        10.5,
        10.5,
        10.5,
        10.5,
        10.5,
        10.5,
        10.5,
        10.5,
        10.5,
        10.5,
        10.5,
        10.5,
        10.5,
        10.5,
        10.5,
        10.5,
        10.5,
        10.5,
        10.5,
        10.5,
        10.5,
        10.5,
        10.5
    ],
    "Ti": [
        22.5,
        22.5,
        22.5,
        22.5,
        22.5,
        22.5,
        22.5,
        22.5,
        22.5,
        22.5,
        22.5,
        22.5,
        22.5,
        22.5,
        22.5,
        22.5,
        22.5,
        22.5,
        22.5,
        22.5,
        22.5,
        22.5,
        22.5,
        22.5,
        22.5,
        22.5,
        22.5,
        22.5,
        22.5,
        22.5,
        22.5,
        22.5,
        22.5,
        22.5,
        22.5,
        22.5,
        22.5,
        22.5,
        22.5,
        22.5,
        22.5,
        22.5,
        22.5,
        22.5,
        22.5,
        22.5,
        22.5,
        22.5,
        22.5,
        22.5,
        22.5,
        22.5,
        22.5,
        22.5,
        22.5,
        22.5,
        22.5,
        22.5,
        22.5,
        22.5,
        22.5,
        22.5,
        22.5,
        22.5,
        22.5,
        22.5,
        22.5,
        22.5,
        22.5,
        22.5,
        22.5,
        22.5,
        22.5,
        22.5,
        22.5,
        22.5,
        22.5,
        22.5,
        22.5,
        22.5
    ],
    "V": 0.19898648574874217,
    "mode": 0,
    "t": 1340,
    "valve": 0
}