{
  "E": 120.0,
  "I": [
    0.0, 0.0, 0.0, 0.0, 0.0, 0.0, 0.0, 0.0, 0.0, 0.0, 0.0, 0.0, 0.0, 0.0, 0.0,
    0.0, 0.0, 0.0, 0.0, 0.0, 0.0, 0.0, 0.0, 0.0, 0.0, 0.0, 0.0, 0.0, 0.0, 0.0,
    0.0, 0.0, 0.0, 0.0, 0.0, 0.0, 0.0, 0.0, 0.0, 0.0, 0.0, 0.0, 0.0, 0.0, 0.0,
    0.0, 0.0, 0.0, 0.0, 0.0, 0.0, 0.0, 0.0, 0.0, 0.0, 0.0, 0.0, 0.0, 0.0, 0.0,
    0.0, 0.0, 0.0, 0.0, 0.0, 0.0, 0.0, 0.0, 0.0, 0.0, 0.0, 0.0, 0.0, 0.0, 0.0,
    0.0, 0.0, 0.0, 0.0, 0.0, 0.0, 0.0, 0.0, 0.0, 0.0, 0.0, 0.0, 0.0, 0.0, 0.0,
    0.0, 0.0, 0.0, 0.0, 0.0, 0.0, 0.0, 0.0, 0.0, 0.0, 0.0, 0.0, 0.0, 0.0, 0.0,
    0.0, 0.0, 0.0, 0.0, 0.0, 0.0, 0.0, 0.0, 0.0, 0.0, 0.0, 0.0, 0.0, 0.0, 0.0,
    0.0, 0.0, 0.0, 0.0, 0.0, 0.0, 0.0, 0.0, 0.0, 0.0, 0.0, 0.0, 0.0, 0.0, 0.0,
    0.0, 0.0, 0.0, 0.0, 0.0, 0.0, 0.0, 0.0, 0.0, 0.0, 0.0, 0.0, 0.0, 0.0, 0.0,
    0.0, 0.0, 0.0, 0.0, 0.0, 0.0, 0.0, 0.0, 0.0, 0.0, 0.0, 0.0, 0.0, 0.0, 0.0,
    0.0, 0.0, 0.0, 0.0, 0.0, 0.0, 0.0, 0.0, 0.0, 0.0, 0.0, 0.0, 0.0, 0.0, 0.0,
    0.0, 0.0, 0.0, 0.0, 0.0, 0.0, 0.0, 0.0, 0.0, 0.0, 0.0, 0.0, 0.0, 0.0, 0.0,
    0.0, 0.0, 0.0, 0.0, 0.0, 0.0, 0.0, 0.0, 0.0, 0.0, 0.0, 0.0, 0.0, 0.0, 0.0
  ],
  "T": 51.437329993490486,
  "Te": [
    8.693333333333333, 8.686666666666666, 8.68, 8.673333333333332,
    8.666666666666666, 8.66, 8.653333333333332, 8.646666666666667,
    8.639999999999999, 8.633333333333333, 8.626666666666667, 8.62,
    8.613333333333333, 8.606666666666666, 8.6, 8.586666666666666,
    8.573333333333332, 8.56, 8.546666666666667, 8.533333333333333, 8.52,
    8.506666666666666, 8.493333333333334, 8.48, 8.466666666666667,
    8.453333333333333, 8.44, 8.426666666666668, 8.413333333333334, 8.4,
    8.393333333333334, 8.386666666666667, 8.38, 8.373333333333333,
    8.366666666666667, 8.360000000000001, 8.353333333333333, 8.346666666666668,
    8.34, 8.333333333333334, 8.326666666666668, 8.32, 8.313333333333334,
    8.306666666666667, 8.3, 8.293333333333335, 8.286666666666667,
    8.280000000000001, 8.273333333333333, 8.266666666666667, 8.26,
    8.253333333333334, 8.246666666666666, 8.24, 8.233333333333333,
    8.226666666666667, 8.219999999999999, 8.213333333333333, 8.206666666666665,
    8.2, 8.193333333333333, 8.186666666666666, 8.18, 8.173333333333332,
    8.166666666666666, 8.16, 8.153333333333332, 8.146666666666667,
    8.139999999999999, 8.133333333333333, 8.126666666666667, 8.12,
    8.113333333333333, 8.106666666666666, 8.1, 8.1, 8.1, 8.1, 8.1, 8.1, 8.1,
    8.1, 8.1, 8.1, 8.1, 8.1, 8.1, 8.1, 8.1, 8.1, 8.093333333333334,
    8.086666666666666, 8.08, 8.073333333333332, 8.066666666666666, 8.06,
    8.053333333333333, 8.046666666666667, 8.04, 8.033333333333333,
    8.026666666666667, 8.02, 8.013333333333334, 8.006666666666666, 8.0,
    7.993333333333333, 7.986666666666666, 7.98, 7.973333333333334,
    7.966666666666667, 7.96, 7.953333333333333, 7.946666666666667, 7.94,
    7.933333333333334, 7.926666666666667, 7.92, 7.913333333333334,
    7.906666666666667, 7.9, 7.9, 7.9, 7.9, 7.9, 7.9, 7.9, 7.9, 7.9, 7.9, 7.9,
    7.9, 7.9, 7.9, 7.9, 7.9, 7.8933333333333335, 7.886666666666667, 7.88,
    7.873333333333334, 7.866666666666667, 7.86, 7.8533333333333335,
    7.846666666666667, 7.84, 7.833333333333333, 7.826666666666666, 7.82,
    7.8133333333333335, 7.806666666666667, 7.8, 7.8, 7.8, 7.8, 7.8, 7.8, 7.8,
    7.8, 7.8, 7.8, 7.8, 7.8, 7.8, 7.8, 7.8, 7.8, 7.8, 7.8, 7.8, 7.8, 7.8, 7.8,
    7.8, 7.8, 7.8, 7.8, 7.8, 7.8, 7.8, 7.8, 7.8, 7.793333333333333,
    7.786666666666666, 7.78, 7.773333333333333, 7.766666666666667, 7.76,
    7.753333333333333, 7.746666666666667, 7.74, 7.733333333333333,
    7.726666666666667, 7.72, 7.713333333333334, 7.706666666666667, 7.7,
    7.693333333333333, 7.6866666666666665, 7.68, 7.673333333333334,
    7.666666666666667, 7.66, 7.653333333333333, 7.6466666666666665, 7.64,
    7.633333333333333, 7.626666666666666, 7.62, 7.613333333333333,
    7.6066666666666665, 7.6
  ],
  "Ti": [
    25.0, 25.0, 25.0, 25.0, 25.0, 25.0, 25.0, 25.0, 25.0, 25.0, 25.0, 25.0,
    25.0, 25.0, 25.0, 25.0, 25.0, 25.0, 25.0, 25.0, 25.0, 25.0, 25.0, 25.0,
    25.0, 25.0, 25.0, 25.0, 25.0, 25.0, 25.0, 25.0, 25.0, 25.0, 25.0, 25.0,
    25.0, 25.0, 25.0, 25.0, 25.0, 25.0, 25.0, 25.0, 25.0, 25.0, 25.0, 25.0,
    25.0, 25.0, 25.0, 25.0, 25.0, 25.0, 25.0, 25.0, 25.0, 25.0, 25.0, 25.0,
    25.0, 25.0, 25.0, 25.0, 25.0, 25.0, 25.0, 25.0, 25.0, 25.0, 25.0, 25.0,
    25.0, 25.0, 25.0, 25.0, 25.0, 25.0, 25.0, 25.0, 25.0, 25.0, 25.0, 25.0,
    25.0, 25.0, 25.0, 25.0, 25.0, 25.0, 25.0, 25.0, 25.0, 25.0, 25.0, 25.0,
    25.0, 25.0, 25.0, 25.0, 25.0, 25.0, 25.0, 25.0, 25.0, 25.0, 25.0, 25.0,
    25.0, 25.0, 25.0, 25.0, 25.0, 25.0, 25.0, 25.0, 25.0, 25.0, 25.0, 25.0,
    25.0, 25.0, 25.0, 25.0, 25.0, 25.0, 25.0, 25.0, 25.0, 25.0, 25.0, 25.0,
    25.0, 25.0, 25.0, 25.0, 25.0, 25.0, 25.0, 25.0, 25.0, 25.0, 25.0, 25.0,
    25.0, 25.0, 25.0, 25.0, 25.0, 25.0, 25.0, 25.0, 25.0, 25.0, 25.0, 25.0,
    25.0, 25.0, 25.0, 25.0, 25.0, 25.0, 25.0, 25.0, 25.0, 25.0, 25.0, 25.0,
    25.0, 25.0, 25.0, 25.0, 25.0, 25.0, 25.0, 25.0, 25.0, 25.0, 25.0, 25.0,
    25.0, 25.0, 25.0, 25.0, 25.0, 25.0, 25.0, 25.0, 25.0, 25.0, 25.0, 25.0,
    25.0, 25.0, 25.0, 25.0, 25.0, 25.0, 25.0, 25.0, 25.0, 25.0, 25.0, 25.0,
    25.0, 25.0, 25.0, 25.0, 25.0, 25.0
  ],
  "V": 0.100663552,
  "mode": [1, 0, 0],
  "patterns": [
    [0, 7],
    [3, 0],
    [5, 0],
    [7, 0],
    [0, 0, 7],
    [0, 6, 3],
    [2, 0, 7],
    [2, 3, 0],
    [2, 5, 0],
    [2, 7, 0],
    [4, 0, 7],
    [4, 3, 0],
    [4, 5, 0],
    [6, 0, 7],
    [6, 3, 0],
    [6, 7, 0]
  ],
  "t": 1,
  "valve": 0.0
}
