{"T": 69.80759444567856, "V": 0.19963743397856815, "E": 4560.0, "modeans": [1, 0, 0], "valve": 0.0, "t": 285, "pattern": []}