{
    "E": 240.0,
    "I": [
        0.0,
        0.0,
        0.0,
        0.0,
        0.0,
        0.0,
        0.0,
        0.0,
        0.0,
        0.0,
        0.0,
        0.0,
        0.0,
        0.0,
        0.0,
        0.0,
        0.0,
        0.0,
        0.0,
        0.0,
        0.0,
        0.0,
        0.0,
        0.0,
        0.0,
        0.0,
        0.0,
        0.0,
        0.0,
        0.0,
        0.0,
        0.0,
        0.0,
        0.0,
        0.0,
        0.0,
        0.0,
        0.0,
        0.0,
        0.0,
        0.0,
        0.0,
        0.0,
        0.0,
        0.0,
        0.0,
        0.0,
        0.0,
        0.0,
        0.0,
        0.0,
        0.0,
        0.0,
        0.0,
        0.0,
        0.0,
        0.0,
        0.0,
        0.0,
        0.0,
        0.0,
        0.0,
        0.0,
        0.0,
        0.0,
        0.0,
        0.0,
        0.0,
        0.0,
        0.0,
        0.0,
        0.0,
        0.0,
        0.0,
        0.0
    ],
    "T": 52.635054444279916,
    "Te": [
        8.1,
        8.1,
        8.1,
        8.1,
        8.1,
        8.1,
        8.1,
        8.1,
        8.1,
        8.1,
        8.1,
        8.1,
        8.1,
        8.1,
        8.1,
        8.1,
        8.093333333333334,
        8.086666666666666,
        8.08,
        8.073333333333332,
        8.066666666666666,
        8.06,
        8.053333333333333,
        8.046666666666667,
        8.04,
        8.033333333333333,
        8.026666666666667,
        8.02,
        8.013333333333334,
        8.006666666666666,
        8.0,
        7.993333333333333,
        7.986666666666666,
        7.98,
        7.973333333333334,
        7.966666666666667,
        7.96,
        7.953333333333333,
        7.946666666666667,
        7.94,
        7.933333333333334,
        7.926666666666667,
        7.92,
        7.913333333333334,
        7.906666666666667,
        7.9,
        7.9,
        7.9,
        7.9,
        7.9,
        7.9,
        7.9,
        7.9,
        7.9,
        7.9,
        7.9,
        7.9,
        7.9,
        7.9,
        7.9,
        7.9,
        7.8933333333333335,
        7.886666666666667,
        7.88,
        7.873333333333334,
        7.866666666666667,
        7.86,
        7.8533333333333335,
        7.846666666666667,
        7.84,
        7.833333333333333,
        7.826666666666666,
        7.82,
        7.8133333333333335,
        7.806666666666667
    ],
    "Ti": [
        25.0,
        25.0,
        25.0,
        25.0,
        25.0,
        25.0,
        25.0,
        25.0,
        25.0,
        25.0,
        25.0,
        25.0,
        25.0,
        25.0,
        25.0,
        25.0,
        25.0,
        25.0,
        25.0,
        25.0,
        25.0,
        25.0,
        25.0,
        25.0,
        25.0,
        25.0,
        25.0,
        25.0,
        25.0,
        25.0,
        25.0,
        25.0,
        25.0,
        25.0,
        25.0,
        25.0,
        25.0,
        25.0,
        25.0,
        25.0,
        25.0,
        25.0,
        25.0,
        25.0,
        25.0,
        25.0,
        25.0,
        25.0,
        25.0,
        25.0,
        25.0,
        25.0,
        25.0,
        25.0,
        25.0,
        25.0,
        25.0,
        25.0,
        25.0,
        25.0,
        25.0,
        25.0,
        25.0,
        25.0,
        25.0,
        25.0,
        25.0,
        25.0,
        25.0,
        25.0,
        25.0,
        25.0,
        25.0,
        25.0,
        25.0
    ],
    "V": 0.24857154514911234,
    "mode": 0,
    "t": 75,
    "valve": 0
}