{"T": 55.120990921638246, "V": 0.1007314214540542, "E": 360.0, "modeans": [1, 0, 0], "valve": 0.0, "t": 11, "pattern": []}